<?xml version="1.0" encoding="UTF-8"?>
<?xml-stylesheet type='text/xsl' href='_UpgradeReport_Files/UpgradeReport.xslt'?>
<UpgradeLog>
<Properties><Property Name="Solution" Value="WindowsApplication1">
</Property><Property Name="Solution File" Value="C:\Oreans Projects\WinLicense Build\WinlicenseSDK\ExamplesSDK\Trial-Registration\C# (.NET)\WindowsApplication1.sln">
</Property><Property Name="User Options File" Value="C:\Oreans Projects\WinLicense Build\WinlicenseSDK\ExamplesSDK\Trial-Registration\C# (.NET)\WindowsApplication1.suo">
</Property><Property Name="Date" Value="miércoles, 04 de octubre de 2006">
</Property><Property Name="Time" Value="11:01">
</Property></Properties><Event ErrorLevel="0" Project="" Source="WindowsApplication1.sln" Description="File successfully backed up as C:\Oreans Projects\WinLicense Build\WinlicenseSDK\ExamplesSDK\Trial-Registration\C# (.NET)\Backup\WindowsApplication1.sln">
</Event><Event ErrorLevel="0" Project="" Source="WindowsApplication1.suo" Description="File successfully backed up as C:\Oreans Projects\WinLicense Build\WinlicenseSDK\ExamplesSDK\Trial-Registration\C# (.NET)\Backup\WindowsApplication1.suo">
</Event><Event ErrorLevel="0" Project="WindowsApplication1" Source="WindowsApplication1.csproj" Description="Project file successfully backed up as C:\Oreans Projects\WinLicense Build\WinlicenseSDK\ExamplesSDK\Trial-Registration\C# (.NET)\Backup\WindowsApplication1.csproj">
</Event><Event ErrorLevel="0" Project="WindowsApplication1" Source="WindowsApplication1.csproj.user" Description="Project user file successfully backed up as C:\Oreans Projects\WinLicense Build\WinlicenseSDK\ExamplesSDK\Trial-Registration\C# (.NET)\Backup\WindowsApplication1.csproj.user">
</Event><Event ErrorLevel="0" Project="WindowsApplication1" Source="AssemblyInfo.cs" Description="File successfully backed up as C:\Oreans Projects\WinLicense Build\WinlicenseSDK\ExamplesSDK\Trial-Registration\C# (.NET)\Backup\AssemblyInfo.cs">
</Event><Event ErrorLevel="0" Project="WindowsApplication1" Source="Form1.cs" Description="File successfully backed up as C:\Oreans Projects\WinLicense Build\WinlicenseSDK\ExamplesSDK\Trial-Registration\C# (.NET)\Backup\Form1.cs">
</Event><Event ErrorLevel="0" Project="WindowsApplication1" Source="App.ico" Description="File successfully backed up as C:\Oreans Projects\WinLicense Build\WinlicenseSDK\ExamplesSDK\Trial-Registration\C# (.NET)\Backup\App.ico">
</Event><Event ErrorLevel="0" Project="WindowsApplication1" Source="Form1.resx" Description="File successfully backed up as C:\Oreans Projects\WinLicense Build\WinlicenseSDK\ExamplesSDK\Trial-Registration\C# (.NET)\Backup\Form1.resx">
</Event><Event ErrorLevel="0" Project="WindowsApplication1" Source="WindowsApplication1.csproj" Description="Project converted successfully">
</Event><Event ErrorLevel="3" Project="WindowsApplication1" Source="WindowsApplication1.csproj" Description="Converted">
</Event><Event ErrorLevel="0" Project="" Source="WindowsApplication1.sln" Description="Solution converted successfully">
</Event><Event ErrorLevel="3" Project="" Source="WindowsApplication1.sln" Description="Converted">
</Event><Event ErrorLevel="0" Project="WindowsApplication1" Source="WindowsApplication1.csproj" Description="Scan complete: Upgrade not required for project files.">
</Event></UpgradeLog>
